{
    "layout": {
        "hspace": "2mm",
        "vspace": "2mm",
        "rows": "2",
        "cols": "2",
        "vbonecut": "False"
    },
    "tabs": {
        "type": "fixed",
        "vwidth": "60mm",
        "hwidth": "30mm"
    },
    "cuts": {
        "type": "vcuts",
        "clearance": "1.5mm",
        "layer": "User.6"
    },
    "framing": {
        "type": "tightframe",
        "hspace": "5mm",
        "vspace": "5mm",
        "fillet": "3mm"
    },
    "tooling": {
        "type": "4hole",
        "hoffset": "5mm",
        "voffset": "5mm",
        "size": "3.2mm",
        "soldermaskmargin": "0.5mm"
    },
    "fiducials": {
        "type": "3fid",
        "hoffset": "15mm",
        "voffset": "5mm",
        "opening": "2mm",
        "paste": "True"
    },
    "copperfill": {
        "type": "solid",
        "edgeclearance": "1mm"
    },
    "post": {
        "millradius": "2mm"
    }
}